Chemical Companies,Emails
Chemlap Nigeria Limited  ,N/A
Indorama Eleme Petrochemicals  ,info@indorama.com.ng
Jawura Environmental Services Limited  ,info@jawura.com.ng
Federal University of Petroleum Resources  ,info@fupre.edu.ng
Fanor Legacy Ltd  ,joechuksng@yahoo.com
Ojota Chemical Market  ,info@ojotachemicalmarket.com
Quorum Industries Limited  ,quorum_ike@yahoo.com
Barivan Chemicals Company  ,barthemailing@gmail.com
BC Chemical Industries Ltd  ,Info@bcchemstore.com
Chemical & Allied Products Plc,careline@capplc.com
D.N. Meyer PLC,info@meyerpaints.com
DVC Limited,admin@dvclimited.com.ng
Drury Industries Limited,info@drury-industries.com
Nasco Household Products Limited,N/A
Logus Investment Ltd,info@logusinvestment.com
DN Meyer,info@meyerpaints.com
Chemical & Allied Products,careline@capplc.com
Techno Oil Limited,info@technooil.com
Lifepack Nigeria Limited,info@lifepackng.com
Nagode Industries Ltd,info@nagode.com
Falcon Chemicals Ltd,macrosol@falcon-chemicals.com
Spool & Water Bodies Ltd,enquiries@spoolng.com
May & Baker,info@may-baker.com
Chemical and Allied Products (CAP) Plc,taesinternationalconceptltd@gmail.com
Finlab Laboratory,info@finlabnigeria.com
Jemmtek Resources Limited,info@jemmtek.com
Chemical and Allied Products,careline@capplc.com
Labstock Nigeria Limited,sales@labstocknigeria.com
Dupont Nigeria Limited,N/A
Nexthope Chemical,sales@nexthopechemical.com
Multichem Industries Limited,multichem@multichem.org
Biochemical Derivatives Limited,office@bdlng.com
Eunisell Limited,info@eunisell.com
Redachem Industry Nigeria Ltd,management@redachem.com
Azelis,info.nigeria@orkila.com
GGI Intl' Nigeria Ltd,ggi_group@yahoo.com
Standard Refining and Petrochemical Company,info@chelseahotelabuja.com
Warri Refining & Petrochemical Co. Limited,wrpc@nnpcgroup.com
WATTCCON,info@wattcon.com
Grayford Industrial (Nigeria),babs.kuyinu@grayfordindustrial.com
Chemical & Allied Products Plc (CAPL),N/A
Poly Products Nigeria Limited,info@polyproductsnig.com
Production Chemical Nigeria,N/A
Sren Chemicals Limited,info@srenchemicals.com
Zenon So-Fine Cosmetics,info@zenonsofine.com
Berger Paints Nigeria Limited Print,customercare@bergerpaintnig.com
Jubaili Agrotec,N/A
Gongoni Company Ltd,happiness@gongoni.com
Ibadan University College Hospital,info@uch-ibadan.org.ng
Calaya Engineering Services Ltd,info@calayaengineering.com
Zeconia Limited,info@zeconia.com
Hamiliton Technologies Limited,info@hamiltontechnologies.com
Saro Agro Sciences Limited,info@saroagro.com
Primegold Chemical Industries Ltd,info@primegoldfertilizers.com
Jubaili Agrotec,N/A
Zuma Paints & Chemical Company Limited,info@zumapaints.com.ng
Harvestfield Industries Limited - MDS Depot - Yola,N/A
Derotech International Ltd,info@derotechng.com
Derotech International Ltd,info@derotechng.com
Rufus Oil Limited,info@rufusoil.com
African Industries Group,info@africanindustries.com
Emmabisco Nigeria Company Ltd,emmabisconig@hotmail.com
Rose & Velvet Spa,info@roseandvelvet.com
Chidex Global Investment,N/A
Current Foam Industries And Chemicals Ltd,info@currentfoam.com
Techno Oil Ltd,info@technooil.com
Henkel Chemicals Nig. Ltd,cormart@clicktgi.net
Cormart Nigeria Limited,cormart@clicktgi.net
O.C. Hexagon Nig. Ltd,ochexagon@yahoo.com
Fine Chemicals Nig. Ltd,gmsales@finechemicalsltd.com
Jawa Group,contactus@jawasil.com
Chemlap Nigeria Ltd,admin@chemlap.com
Chellarams Plc,sales-lagos@chellaramsplc.com
Dow Chemical Company,N/A
Nigerian-German Chemicals Plc,enquiry@ngc.ng
Vitachem Nigeria Limited,enquiries@vitachmeng.com
Kamsy Chemicals & Allied Products,info@kamsychemicals.com
Nigerian German Chemicals,kemi@ngc.ng
Bond Chemical Industries Ltd,lagosoffice@bondpharm.com
Embassy Pharmaceutical,N/A
The Specialist Laboratories (Nig) Limited,N/A
Zuma Paints & Chemical Company Ltd,N/A
Logitude Projects Ltd,info@logitudeprojects.com
Servipower,perkins@servipowerng.com
Melvyn Nickson Nig. Ltd,melvynnickson@yahoo.com
Healthglow Aesthetic Medical Clinic,info@healthglow.com.ng
Timproxy Lagos Office,info@timproxy.com
Meyer Plc,info@meyerpaints.com
DN Meyer Plc,info@meyerpaints.com
DN Meyer Nigeria Plc,info@meyerpaints.com
DN Meyer Plc,info@meyerpaints.com
DN Meyer,N/A
DN Meyer Paint,N/A
DN Meyer Paint Plc,info@meyerpaints.com
Sandtex Paints Experience Centre,customerservice@portlandpaintsng.com
DN Meyer Nigeria Plc,N/A
DN Meyer Paints Nigeria,info@meyerpaints.com
DN Meyer Plc,N/A
DN Meyer PLC,info@meyerpaints.com
Zayo-Sigma Chemicals,info@zayosigma.com
DN Meyer (Nig) Plc,N/A
Ricado Sunnies,ricadosunnies@gmail.com
"Federal Medical Centre, Yenagoa",info@fmcyenagoa.org.ng
Ahuzzath Global Ventures Nigeria Ltd,N/A
Alege Scientific Limited (A.S.L),alegescience@gmail.com
McDonald Scientific Emporium,mcdonald@mcdonaldscientific.com
Lexok Global Services Ltd,lexokenterprise@yahoo.com
Equilab Business Solutions Limited,info@equilabsolutions.com
Harvestfield Industries Limited,info@harvestfield-ng.com
Tormek Global Services Limited,enquiries@tormekglobal.com
F-Thecla Ventures Nig. Ltd,info@ftheclaventuresltd.com
KSL Chemicals Ltd,henzo.production@gmail.com
Sunshine Oil And Chemical,sales@sunshineoilandchemical.com
Ashwell Engineering Limited,info@ashwelleng.com
Kenny Medicals,enquiries@kennymedicals.com
County Service Solution Nigeria limited,info@countycargo.com
Divine Marine Shipping Ltd,admin@divinemarinegrp.com
Laserderm Clinics,info@laserdermclinicsng.com
Remaben Scientific Services Ltd,remabenscientific@yahoo.com
Labstock Nigeria Limited,sales@labstocknigeria.com
Macjames Global Resources Limited,info@macjamesglobal.com
Sudit Oil and Chemicals Ltd,info@slabmarkgroup.com
Portland Paints & Products Nigeria Plc,customerservice@portlandpaintsng.com
Current Foam Industries & Chemical Ltd,info@currentfoam.com
Clina-Lancet Laboratories Nigeria,abayomi.abolarin@lancet.com.ng
Union Diagnostics and Clinical Services Plc,info@uniondiagnostic.com.ng
Lagos State Materials Testing Laboratory (LSMTL),info@lsmtl.gov.ng
Afamchris Nigeria Ltd,info@afamchris.com
Zuma Paints,info@zumapaints.com.ng
Marshal Paints,N/A
VISTA Limited,vista.abuja@vistaafrica.net
Excel Charis Pharmaceutical Chemical Limited,nfo@excelcharispharm.com
Synapse Technologies,info@synapsetechnologies.com.ng
WATTCCON,info@wattccon.com
Portland Paints Nigeria Plc,customerservice@portlandpaintsng.com
Surgfriend Hospital Equipment Ltd,info@surgfriend.com
Juan Industries,N/A
Falcon Chemicals,macrosol@falcon-chemicals.com
Integrated Oil & Gas Limited,info@integratedoilandgas.com
Notore Chemical Industries,N/A
Energy Shield Petrochemical Ltd,contact@energyshieldpetrochemical.com
Nycil Ltd,info@nycil.org
Lagra & Associates Ltd,lagraassociates@gmail.com
Shepha Refining and Petrochemicals Company Ltd,info@shepha.com.ng
Dinetuks Nigeria Ltd,info@dinetuks.com
Aquafortis Nigeria Ltd,info@aquafortis.com.ng
Current Form Industries & Chemicals Limited,info@currentfoam.com
Mon Scientific Nigeria Limited,monandm@yahoo.com
Ricado Sunnies Nigeria Ltd,info@ricadosunnies.com
Quality Marine Services Ltd,info@qualitymarineng.com